{
  "prepare_queue": {
    "installed": [],
    "uninstalled": []
  },
  "config_munge": {
    "files": {
      "res/xml/config.xml": {
        "parents": {
          "/*": [
            {
              "xml": "<feature name=\"Whitelist\"><param name=\"android-package\" value=\"org.apache.cordova.whitelist.WhitelistPlugin\" /><param name=\"onload\" value=\"true\" /></feature>",
              "count": 1
            }
          ]
        }
      }
    }
  },
  "installed_plugins": {
    "cordova-plugin-whitelist": {
      "PACKAGE_NAME": "com.alrosoft.CanWTest"
    },
    "cordova-plugin-canvas-gamepad": {
      "PACKAGE_NAME": "com.alrosoft.CanWTest"
    }
  },
  "dependent_plugins": {},
  "modules": [
    {
      "id": "cordova-plugin-canvas-gamepad.CDVGamepad",
      "file": "plugins/cordova-plugin-canvas-gamepad/www/CDVGamepad.js",
      "pluginId": "cordova-plugin-canvas-gamepad",
      "clobbers": [
        "CDVGamepad"
      ]
    }
  ],
  "plugin_metadata": {
    "cordova-plugin-whitelist": "1.3.3",
    "cordova-plugin-canvas-gamepad": "0.1.1"
  }
}